Country,Year,Child
Abkhazia,2000,nan
Abkhazia,2001,nan
Abkhazia,2002,nan
Abkhazia,2003,nan
Abkhazia,2004,nan
Abkhazia,2005,nan
Abkhazia,2006,nan
Abkhazia,2007,nan
Abkhazia,2008,nan
Abkhazia,2009,nan
Abkhazia,2010,nan
Afghanistan,2000,nan
Afghanistan,2001,nan
Afghanistan,2002,nan
Afghanistan,2003,nan
Afghanistan,2004,nan
Afghanistan,2005,nan
Afghanistan,2006,nan
Afghanistan,2007,nan
Afghanistan,2008,nan
Afghanistan,2009,nan
Afghanistan,2010,nan
Akrotiri and Dhekelia,2000,nan
Akrotiri and Dhekelia,2001,nan
Akrotiri and Dhekelia,2002,nan
Akrotiri and Dhekelia,2003,nan
Akrotiri and Dhekelia,2004,nan
Akrotiri and Dhekelia,2005,nan
Akrotiri and Dhekelia,2006,nan
Akrotiri and Dhekelia,2007,nan
Akrotiri and Dhekelia,2008,nan
Akrotiri and Dhekelia,2009,nan
Akrotiri and Dhekelia,2010,nan
Albania,2000,2119.0
Albania,2001,1545.0
Albania,2002,nan
Albania,2003,8445.0
Albania,2004,15754.0
Albania,2005,nan
Albania,2006,nan
Albania,2007,nan
Albania,2008,37763.0
Albania,2009,51566.0
Albania,2010,52014.0
Algeria,2000,313250.0
Algeria,2001,232345.0
Algeria,2002,190629.0
Algeria,2003,171799.0
Algeria,2004,135684.0
Algeria,2005,116195.0
Algeria,2006,104234.0
Algeria,2007,93561.0
Algeria,2008,74715.0
Algeria,2009,71175.0
Algeria,2010,81638.0
American Samoa,2000,nan
American Samoa,2001,nan
American Samoa,2002,nan
American Samoa,2003,nan
American Samoa,2004,nan
American Samoa,2005,nan
American Samoa,2006,nan
American Samoa,2007,nan
American Samoa,2008,nan
American Samoa,2009,nan
American Samoa,2010,nan
Andorra,2000,nan
Andorra,2001,nan
Andorra,2002,447.0
Andorra,2003,403.0
Andorra,2004,795.0
Andorra,2005,873.0
Andorra,2006,866.0
Andorra,2007,875.0
Andorra,2008,846.0
Andorra,2009,939.0
Andorra,2010,1092.0
Angola,2000,nan
Angola,2001,nan
Angola,2002,nan
Angola,2003,nan
Angola,2004,nan
Angola,2005,nan
Angola,2006,nan
Angola,2007,nan
Angola,2008,455393.0
Angola,2009,457837.0
Angola,2010,492581.0
Anguilla,2000,nan
Anguilla,2001,nan
Anguilla,2002,nan
Anguilla,2003,nan
Anguilla,2004,nan
Anguilla,2005,nan
Anguilla,2006,nan
Anguilla,2007,nan
Anguilla,2008,nan
Anguilla,2009,nan
Anguilla,2010,nan
Antigua and Barbuda,2000,nan
Antigua and Barbuda,2001,nan
Antigua and Barbuda,2002,nan
Antigua and Barbuda,2003,nan
Antigua and Barbuda,2004,nan
Antigua and Barbuda,2005,nan
Antigua and Barbuda,2006,nan
Antigua and Barbuda,2007,1112.0
Antigua and Barbuda,2008,1011.0
Antigua and Barbuda,2009,1060.0
Antigua and Barbuda,2010,1349.0
Argentina,2000,23417.0
Argentina,2001,6217.0
Argentina,2002,26289.0
Argentina,2003,23236.0
Argentina,2004,34210.0
Argentina,2005,36423.0
Argentina,2006,39901.0
Argentina,2007,37032.0
Argentina,2008,25120.0
Argentina,2009,nan
Argentina,2010,nan
Armenia,2000,nan
Armenia,2001,11793.0
Armenia,2002,21339.0
Armenia,2003,22730.0
Armenia,2004,20090.0
Armenia,2005,15529.0
Armenia,2006,10120.0
Armenia,2007,4343.0
Armenia,2008,nan
Armenia,2009,nan
Armenia,2010,nan
Aruba,2000,107.0
Aruba,2001,293.0
Aruba,2002,375.0
Aruba,2003,528.0
Aruba,2004,485.0
Aruba,2005,235.0
Aruba,2006,158.0
Aruba,2007,121.0
Aruba,2008,225.0
Aruba,2009,473.0
Aruba,2010,26.0
Australia,2000,102102.0
Australia,2001,106489.0
Australia,2002,95677.0
Australia,2003,96856.0
Australia,2004,93438.0
Australia,2005,90710.0
Australia,2006,89085.0
Australia,2007,60253.0
Australia,2008,56755.0
Australia,2009,53689.0
Australia,2010,53764.0
Austria,2000,nan
Austria,2001,nan
Austria,2002,nan
Austria,2003,nan
Austria,2004,nan
Austria,2005,nan
Austria,2006,nan
Austria,2007,nan
Austria,2008,nan
Austria,2009,nan
Austria,2010,nan
Azerbaijan,2000,84704.0
Azerbaijan,2001,102011.0
Azerbaijan,2002,102629.0
Azerbaijan,2003,110026.0
Azerbaijan,2004,98088.0
Azerbaijan,2005,95428.0
Azerbaijan,2006,92754.0
Azerbaijan,2007,89421.0
Azerbaijan,2008,84545.0
Azerbaijan,2009,74675.0
Azerbaijan,2010,78445.0
Bahamas,2000,4472.0
Bahamas,2001,nan
Bahamas,2002,nan
Bahamas,2003,nan
Bahamas,2004,2884.0
Bahamas,2005,1474.0
Bahamas,2006,1664.0
Bahamas,2007,399.0
Bahamas,2008,304.0
Bahamas,2009,856.0
Bahamas,2010,658.0
Bahrain,2000,1125.0
Bahrain,2001,399.0
Bahrain,2002,831.0
Bahrain,2003,729.0
Bahrain,2004,1259.0
Bahrain,2005,1652.0
Bahrain,2006,548.0
Bahrain,2007,nan
Bahrain,2008,nan
Bahrain,2009,nan
Bahrain,2010,nan
Bangladesh,2000,nan
Bangladesh,2001,nan
Bangladesh,2002,nan
Bangladesh,2003,nan
Bangladesh,2004,nan
Bangladesh,2005,nan
Bangladesh,2006,nan
Bangladesh,2007,nan
Bangladesh,2008,nan
Bangladesh,2009,nan
Bangladesh,2010,nan
Barbados,2000,1272.0
Barbados,2001,1458.0
Barbados,2002,1744.0
Barbados,2003,1853.0
Barbados,2004,2130.0
Barbados,2005,2057.0
Barbados,2006,1430.0
Barbados,2007,1426.0
Barbados,2008,1034.0
Barbados,2009,nan
Barbados,2010,nan
Belarus,2000,nan
Belarus,2001,28356.0
Belarus,2002,35785.0
Belarus,2003,34280.0
Belarus,2004,35180.0
Belarus,2005,38885.0
Belarus,2006,37380.0
Belarus,2007,36498.0
Belarus,2008,31577.0
Belarus,2009,26346.0
Belarus,2010,28505.0
Belgium,2000,5726.0
Belgium,2001,6021.0
Belgium,2002,6027.0
Belgium,2003,6945.0
Belgium,2004,6680.0
Belgium,2005,6566.0
Belgium,2006,7303.0
Belgium,2007,6832.0
Belgium,2008,6980.0
Belgium,2009,6720.0
Belgium,2010,6533.0
Belize,2000,4156.0
Belize,2001,4777.0
Belize,2002,4503.0
Belize,2003,4016.0
Belize,2004,2733.0
Belize,2005,2711.0
Belize,2006,2317.0
Belize,2007,2046.0
Belize,2008,2174.0
Belize,2009,1710.0
Belize,2010,1191.0
Benin,2000,nan
Benin,2001,nan
Benin,2002,nan
Benin,2003,170091.0
Benin,2004,156087.0
Benin,2005,150376.0
Benin,2006,128840.0
Benin,2007,nan
Benin,2008,110063.0
Benin,2009,nan
Benin,2010,nan
Bermuda,2000,nan
Bermuda,2001,nan
Bermuda,2002,nan
Bermuda,2003,nan
Bermuda,2004,nan
Bermuda,2005,116.0
Bermuda,2006,nan
Bermuda,2007,nan
Bermuda,2008,nan
Bermuda,2009,nan
Bermuda,2010,441.0
Bhutan,2000,45615.0
Bhutan,2001,42148.0
Bhutan,2002,nan
Bhutan,2003,nan
Bhutan,2004,nan
Bhutan,2005,27227.0
Bhutan,2006,21661.0
Bhutan,2007,nan
Bhutan,2008,15067.0
Bhutan,2009,11042.0
Bhutan,2010,10027.0
Bolivia,2000,49332.0
Bolivia,2001,64859.0
Bolivia,2002,57390.0
Bolivia,2003,57124.0
Bolivia,2004,55923.0
Bolivia,2005,nan
Bolivia,2006,47098.0
Bolivia,2007,62696.0
Bolivia,2008,nan
Bolivia,2009,80967.0
Bolivia,2010,123455.0
Bosnia and Herzegovina,2000,nan
Bosnia and Herzegovina,2001,nan
Bosnia and Herzegovina,2002,nan
Bosnia and Herzegovina,2003,nan
Bosnia and Herzegovina,2004,nan
Bosnia and Herzegovina,2005,nan
Bosnia and Herzegovina,2006,nan
Bosnia and Herzegovina,2007,nan
Bosnia and Herzegovina,2008,nan
Bosnia and Herzegovina,2009,26579.0
Bosnia and Herzegovina,2010,25132.0
Botswana,2000,59142.0
Botswana,2001,53350.0
Botswana,2002,51479.0
Botswana,2003,50031.0
Botswana,2004,46055.0
Botswana,2005,47012.0
Botswana,2006,42416.0
Botswana,2007,43188.0
Botswana,2008,42294.0
Botswana,2009,38192.0
Botswana,2010,nan
Brazil,2000,1011000.0
Brazil,2001,729505.0
Brazil,2002,942013.0
Brazil,2003,1129655.0
Brazil,2004,741994.0
Brazil,2005,594612.0
Brazil,2006,nan
Brazil,2007,nan
Brazil,2008,nan
Brazil,2009,nan
Brazil,2010,nan
British Virgin Islands,2000,nan
British Virgin Islands,2001,nan
British Virgin Islands,2002,nan
British Virgin Islands,2003,nan
British Virgin Islands,2004,nan
British Virgin Islands,2005,nan
British Virgin Islands,2006,nan
British Virgin Islands,2007,nan
British Virgin Islands,2008,nan
British Virgin Islands,2009,nan
British Virgin Islands,2010,nan
Brunei,2000,nan
Brunei,2001,nan
Brunei,2002,nan
Brunei,2003,nan
Brunei,2004,nan
Brunei,2005,nan
Brunei,2006,nan
Brunei,2007,nan
Brunei,2008,nan
Brunei,2009,nan
Brunei,2010,1709.0
Bulgaria,2000,7037.0
Bulgaria,2001,6041.0
Bulgaria,2002,9778.0
Bulgaria,2003,9687.0
Bulgaria,2004,9763.0
Bulgaria,2005,16540.0
Bulgaria,2006,17697.0
Bulgaria,2007,8120.0
Bulgaria,2008,3350.0
Bulgaria,2009,1820.0
Bulgaria,2010,1252.0
Burkina Faso,2000,1319720.0
Burkina Faso,2001,1329375.0
Burkina Faso,2002,1363846.0
Burkina Faso,2003,1370625.0
Burkina Faso,2004,1346300.0
Burkina Faso,2005,1291304.0
Burkina Faso,2006,1237746.0
Burkina Faso,2007,1143781.0
Burkina Faso,2008,1028464.0
Burkina Faso,2009,983031.0
Burkina Faso,2010,1128293.0
Burundi,2000,618713.0
Burundi,2001,521933.0
Burundi,2002,533663.0
Burundi,2003,493509.0
Burundi,2004,474905.0
Burundi,2005,434146.0
Burundi,2006,217787.0
Burundi,2007,120489.0
Burundi,2008,nan
Burundi,2009,nan
Burundi,2010,nan
Cambodia,2000,178641.0
Cambodia,2001,nan
Cambodia,2002,nan
Cambodia,2003,74274.0
Cambodia,2004,nan
Cambodia,2005,nan
Cambodia,2006,91071.0
Cambodia,2007,61071.0
Cambodia,2008,75260.0
Cambodia,2009,nan
Cambodia,2010,72886.0
Cameroon,2000,nan
Cameroon,2001,nan
Cameroon,2002,nan
Cameroon,2003,nan
Cameroon,2004,nan
Cameroon,2005,nan
Cameroon,2006,nan
Cameroon,2007,nan
Cameroon,2008,218306.0
Cameroon,2009,176756.0
Cameroon,2010,189310.0
Canada,2000,4600.0
Canada,2001,nan
Canada,2002,nan
Canada,2003,nan
Canada,2004,nan
Canada,2005,nan
Canada,2006,nan
Canada,2007,nan
Canada,2008,nan
Canada,2009,nan
Canada,2010,nan
Cape Verde,2000,467.0
Cape Verde,2001,870.0
Cape Verde,2002,891.0
Cape Verde,2003,1053.0
Cape Verde,2004,1155.0
Cape Verde,2005,1913.0
Cape Verde,2006,2822.0
Cape Verde,2007,3696.0
Cape Verde,2008,4503.0
Cape Verde,2009,4543.0
Cape Verde,2010,4235.0
Cayman Islands,2000,nan
Cayman Islands,2001,nan
Cayman Islands,2002,nan
Cayman Islands,2003,nan
Cayman Islands,2004,nan
Cayman Islands,2005,nan
Cayman Islands,2006,nan
Cayman Islands,2007,nan
Cayman Islands,2008,nan
Cayman Islands,2009,nan
Cayman Islands,2010,nan
Central African Republic,2000,nan
Central African Republic,2001,nan
Central African Republic,2002,nan
Central African Republic,2003,nan
Central African Republic,2004,nan
Central African Republic,2005,317951.0
Central African Republic,2006,321219.0
Central African Republic,2007,272244.0
Central African Republic,2008,214164.0
Central African Republic,2009,213116.0
Central African Republic,2010,198386.0
Chad,2000,612984.0
Chad,2001,607476.0
Chad,2002,570138.0
Chad,2003,561533.0
Chad,2004,nan
Chad,2005,nan
Chad,2006,nan
Chad,2007,nan
Chad,2008,nan
Chad,2009,nan
Chad,2010,nan
Channel Islands,2000,nan
Channel Islands,2001,nan
Channel Islands,2002,nan
Channel Islands,2003,nan
Channel Islands,2004,nan
Channel Islands,2005,nan
Channel Islands,2006,nan
Channel Islands,2007,nan
Channel Islands,2008,nan
Channel Islands,2009,nan
Channel Islands,2010,nan
Chile,2000,nan
Chile,2001,nan
Chile,2002,nan
Chile,2003,nan
Chile,2004,nan
Chile,2005,nan
Chile,2006,nan
Chile,2007,75506.0
Chile,2008,66767.0
Chile,2009,94211.0
Chile,2010,84726.0
China,2000,nan
China,2001,nan
China,2002,nan
China,2003,nan
China,2004,nan
China,2005,nan
China,2006,nan
China,2007,nan
China,2008,nan
China,2009,nan
China,2010,nan
Christmas Island,2000,nan
Christmas Island,2001,nan
Christmas Island,2002,nan
Christmas Island,2003,nan
Christmas Island,2004,nan
Christmas Island,2005,nan
Christmas Island,2006,nan
Christmas Island,2007,nan
Christmas Island,2008,nan
Christmas Island,2009,nan
Christmas Island,2010,nan
Cocos Island,2000,nan
Cocos Island,2001,nan
Cocos Island,2002,nan
Cocos Island,2003,nan
Cocos Island,2004,nan
Cocos Island,2005,nan
Cocos Island,2006,nan
Cocos Island,2007,nan
Cocos Island,2008,nan
Cocos Island,2009,nan
Cocos Island,2010,nan
Colombia,2000,139311.0
Colombia,2001,218394.0
Colombia,2002,172103.0
Colombia,2003,nan
Colombia,2004,nan
Colombia,2005,161644.0
Colombia,2006,205542.0
Colombia,2007,255372.0
Colombia,2008,277780.0
Colombia,2009,301497.0
Colombia,2010,374168.0
Comoros,2000,22092.0
Comoros,2001,nan
Comoros,2002,nan
Comoros,2003,nan
Comoros,2004,nan
Comoros,2005,nan
Comoros,2006,nan
Comoros,2007,22761.0
Comoros,2008,nan
Comoros,2009,nan
Comoros,2010,nan
"Congo, Dem. Rep.",2000,nan
"Congo, Dem. Rep.",2001,nan
"Congo, Dem. Rep.",2002,nan
"Congo, Dem. Rep.",2003,nan
"Congo, Dem. Rep.",2004,nan
"Congo, Dem. Rep.",2005,nan
"Congo, Dem. Rep.",2006,nan
"Congo, Dem. Rep.",2007,nan
"Congo, Dem. Rep.",2008,nan
"Congo, Dem. Rep.",2009,nan
"Congo, Dem. Rep.",2010,nan
"Congo, Rep.",2000,nan
"Congo, Rep.",2001,nan
"Congo, Rep.",2002,nan
"Congo, Rep.",2003,nan
"Congo, Rep.",2004,nan
"Congo, Rep.",2005,253418.0
"Congo, Rep.",2006,239250.0
"Congo, Rep.",2007,nan
"Congo, Rep.",2008,nan
"Congo, Rep.",2009,nan
"Congo, Rep.",2010,56232.0
Cook Is,2000,nan
Cook Is,2001,nan
Cook Is,2002,nan
Cook Is,2003,nan
Cook Is,2004,nan
Cook Is,2005,nan
Cook Is,2006,nan
Cook Is,2007,nan
Cook Is,2008,nan
Cook Is,2009,nan
Cook Is,2010,nan
Costa Rica,2000,nan
Costa Rica,2001,nan
Costa Rica,2002,nan
Costa Rica,2003,nan
Costa Rica,2004,nan
Costa Rica,2005,nan
Costa Rica,2006,nan
Costa Rica,2007,nan
Costa Rica,2008,nan
Costa Rica,2009,nan
Costa Rica,2010,nan
Cote d'Ivoire,2000,1129244.0
Cote d'Ivoire,2001,1019449.0
Cote d'Ivoire,2002,1024134.0
Cote d'Ivoire,2003,1125145.0
Cote d'Ivoire,2004,nan
Cote d'Ivoire,2005,nan
Cote d'Ivoire,2006,nan
Cote d'Ivoire,2007,nan
Cote d'Ivoire,2008,nan
Cote d'Ivoire,2009,1160732.0
Cote d'Ivoire,2010,nan
Croatia,2000,16247.0
Croatia,2001,15042.0
Croatia,2002,13933.0
Croatia,2003,13515.0
Croatia,2004,nan
Croatia,2005,1984.0
Croatia,2006,1994.0
Croatia,2007,2123.0
Croatia,2008,2835.0
Croatia,2009,12687.0
Croatia,2010,7446.0
Cuba,2000,19478.0
Cuba,2001,25130.0
Cuba,2002,30812.0
Cuba,2003,49132.0
Cuba,2004,47874.0
Cuba,2005,43329.0
Cuba,2006,34187.0
Cuba,2007,10155.0
Cuba,2008,4056.0
Cuba,2009,1702.0
Cuba,2010,1370.0
Cyprus,2000,1276.0
Cyprus,2001,1620.0
Cyprus,2002,973.0
Cyprus,2003,879.0
Cyprus,2004,783.0
Cyprus,2005,205.0
Cyprus,2006,280.0
Cyprus,2007,371.0
Cyprus,2008,571.0
Cyprus,2009,453.0
Cyprus,2010,497.0
Czech Republic,2000,nan
Czech Republic,2001,nan
Czech Republic,2002,nan
Czech Republic,2003,nan
Czech Republic,2004,nan
Czech Republic,2005,nan
Czech Republic,2006,nan
Czech Republic,2007,nan
Czech Republic,2008,nan
Czech Republic,2009,nan
Czech Republic,2010,nan
Czechoslovakia,2000,nan
Czechoslovakia,2001,nan
Czechoslovakia,2002,nan
Czechoslovakia,2003,nan
Czechoslovakia,2004,nan
Czechoslovakia,2005,nan
Czechoslovakia,2006,nan
Czechoslovakia,2007,nan
Czechoslovakia,2008,nan
Czechoslovakia,2009,nan
Czechoslovakia,2010,nan
Denmark,2000,7343.0
Denmark,2001,82.0
Denmark,2002,277.0
Denmark,2003,nan
Denmark,2004,7688.0
Denmark,2005,16555.0
Denmark,2006,15136.0
Denmark,2007,13379.0
Denmark,2008,16008.0
Denmark,2009,16522.0
Denmark,2010,16999.0
Djibouti,2000,86834.0
Djibouti,2001,86396.0
Djibouti,2002,86649.0
Djibouti,2003,85163.0
Djibouti,2004,83202.0
Djibouti,2005,80645.0
Djibouti,2006,75865.0
Djibouti,2007,71065.0
Djibouti,2008,55498.0
Djibouti,2009,56443.0
Djibouti,2010,nan
Dominica,2000,155.0
Dominica,2001,275.0
Dominica,2002,194.0
Dominica,2003,204.0
Dominica,2004,130.0
Dominica,2005,375.0
Dominica,2006,481.0
Dominica,2007,456.0
Dominica,2008,256.0
Dominica,2009,124.0
Dominica,2010,275.0
Dominican Republic,2000,181222.0
Dominican Republic,2001,nan
Dominican Republic,2002,113112.0
Dominican Republic,2003,129531.0
Dominican Republic,2004,210552.0
Dominican Republic,2005,189062.0
Dominican Republic,2006,205601.0
Dominican Republic,2007,128831.0
Dominican Republic,2008,170507.0
Dominican Republic,2009,56136.0
Dominican Republic,2010,84674.0
East Germany,2000,nan
East Germany,2001,nan
East Germany,2002,nan
East Germany,2003,nan
East Germany,2004,nan
East Germany,2005,nan
East Germany,2006,nan
East Germany,2007,nan
East Germany,2008,nan
East Germany,2009,nan
East Germany,2010,nan
Ecuador,2000,8291.0
Ecuador,2001,10931.0
Ecuador,2002,10293.0
Ecuador,2003,11487.0
Ecuador,2004,10407.0
Ecuador,2005,11079.0
Ecuador,2006,10056.0
Ecuador,2007,11820.0
Ecuador,2008,16325.0
Ecuador,2009,24354.0
Ecuador,2010,nan
Egypt,2000,605868.0
Egypt,2001,506241.0
Egypt,2002,399252.0
Egypt,2003,302987.0
Egypt,2004,206526.0
Egypt,2005,267087.0
Egypt,2006,496964.0
Egypt,2007,225768.0
Egypt,2008,nan
Egypt,2009,193102.0
Egypt,2010,644717.0
El Salvador,2000,nan
El Salvador,2001,128078.0
El Salvador,2002,108308.0
El Salvador,2003,91321.0
El Salvador,2004,62117.0
El Salvador,2005,45409.0
El Salvador,2006,45602.0
El Salvador,2007,47569.0
El Salvador,2008,47563.0
El Salvador,2009,46489.0
El Salvador,2010,38366.0
Equatorial Guinea,2000,18796.0
Equatorial Guinea,2001,16725.0
Equatorial Guinea,2002,18578.0
Equatorial Guinea,2003,20025.0
Equatorial Guinea,2004,nan
Equatorial Guinea,2005,nan
Equatorial Guinea,2006,nan
Equatorial Guinea,2007,nan
Equatorial Guinea,2008,41802.0
Equatorial Guinea,2009,42609.0
Equatorial Guinea,2010,42930.0
Eritrea,2000,320841.0
Eritrea,2001,320582.0
Eritrea,2002,303128.0
Eritrea,2003,288309.0
Eritrea,2004,283673.0
Eritrea,2005,283944.0
Eritrea,2006,295073.0
Eritrea,2007,329585.0
Eritrea,2008,358173.0
Eritrea,2009,389035.0
Eritrea,2010,417646.0
Eritrea and Ethiopia,2000,nan
Eritrea and Ethiopia,2001,nan
Eritrea and Ethiopia,2002,nan
Eritrea and Ethiopia,2003,nan
Eritrea and Ethiopia,2004,nan
Eritrea and Ethiopia,2005,nan
Eritrea and Ethiopia,2006,nan
Eritrea and Ethiopia,2007,nan
Eritrea and Ethiopia,2008,nan
Eritrea and Ethiopia,2009,nan
Eritrea and Ethiopia,2010,nan
Estonia,2000,865.0
Estonia,2001,123.0
Estonia,2002,205.0
Estonia,2003,2190.0
Estonia,2004,2443.0
Estonia,2005,2200.0
Estonia,2006,2366.0
Estonia,2007,3072.0
Estonia,2008,2656.0
Estonia,2009,2769.0
Estonia,2010,1972.0
Ethiopia,2000,6342774.0
Ethiopia,2001,6108148.0
Ethiopia,2002,6083679.0
Ethiopia,2003,6167228.0
Ethiopia,2004,5940477.0
Ethiopia,2005,4613002.0
Ethiopia,2006,3947291.0
Ethiopia,2007,3159859.0
Ethiopia,2008,2261003.0
Ethiopia,2009,2208604.0
Ethiopia,2010,2389945.0
Faeroe Islands,2000,nan
Faeroe Islands,2001,nan
Faeroe Islands,2002,nan
Faeroe Islands,2003,nan
Faeroe Islands,2004,nan
Faeroe Islands,2005,nan
Faeroe Islands,2006,nan
Faeroe Islands,2007,nan
Faeroe Islands,2008,nan
Faeroe Islands,2009,nan
Faeroe Islands,2010,nan
Falkland Is (Malvinas),2000,nan
Falkland Is (Malvinas),2001,nan
Falkland Is (Malvinas),2002,nan
Falkland Is (Malvinas),2003,nan
Falkland Is (Malvinas),2004,nan
Falkland Is (Malvinas),2005,nan
Falkland Is (Malvinas),2006,nan
Falkland Is (Malvinas),2007,nan
Falkland Is (Malvinas),2008,nan
Falkland Is (Malvinas),2009,nan
Falkland Is (Malvinas),2010,nan
Fiji,2000,5990.0
Fiji,2001,2662.0
Fiji,2002,847.0
Fiji,2003,1340.0
Fiji,2004,852.0
Fiji,2005,nan
Fiji,2006,1123.0
Fiji,2007,821.0
Fiji,2008,415.0
Fiji,2009,909.0
Fiji,2010,nan
Finland,2000,1073.0
Finland,2001,1029.0
Finland,2002,1525.0
Finland,2003,4321.0
Finland,2004,7982.0
Finland,2005,9528.0
Finland,2006,11572.0
Finland,2007,9550.0
Finland,2008,8436.0
Finland,2009,8449.0
Finland,2010,7860.0
France,2000,12283.0
France,2001,13224.0
France,2002,14959.0
France,2003,13443.0
France,2004,17011.0
France,2005,25559.0
France,2006,28732.0
France,2007,28407.0
France,2008,31493.0
France,2009,29542.0
France,2010,30743.0
French Guiana,2000,nan
French Guiana,2001,nan
French Guiana,2002,nan
French Guiana,2003,nan
French Guiana,2004,nan
French Guiana,2005,nan
French Guiana,2006,nan
French Guiana,2007,nan
French Guiana,2008,nan
French Guiana,2009,nan
French Guiana,2010,nan
French Polynesia,2000,nan
French Polynesia,2001,nan
French Polynesia,2002,nan
French Polynesia,2003,nan
French Polynesia,2004,nan
French Polynesia,2005,nan
French Polynesia,2006,nan
French Polynesia,2007,nan
French Polynesia,2008,nan
French Polynesia,2009,nan
French Polynesia,2010,nan
Gabon,2000,nan
Gabon,2001,nan
Gabon,2002,nan
Gabon,2003,nan
Gabon,2004,nan
Gabon,2005,nan
Gabon,2006,nan
Gabon,2007,nan
Gabon,2008,nan
Gabon,2009,nan
Gabon,2010,nan
Gambia,2000,66308.0
Gambia,2001,65521.0
Gambia,2002,71161.0
Gambia,2003,65001.0
Gambia,2004,66097.0
Gambia,2005,73911.0
Gambia,2006,65014.0
Gambia,2007,66809.0
Gambia,2008,78527.0
Gambia,2009,70985.0
Gambia,2010,85097.0
Georgia,2000,nan
Georgia,2001,nan
Georgia,2002,nan
Georgia,2003,nan
Georgia,2004,37834.0
Georgia,2005,33994.0
Georgia,2006,17559.0
Georgia,2007,14081.0
Georgia,2008,99.0
Georgia,2009,0.0
Georgia,2010,nan
Germany,2000,3679.0
Germany,2001,3306.0
Germany,2002,353.0
Germany,2003,5472.0
Germany,2004,3703.0
Germany,2005,5760.0
Germany,2006,9736.0
Germany,2007,3705.0
Germany,2008,8913.0
Germany,2009,9530.0
Germany,2010,7184.0
Ghana,2000,1052251.0
Ghana,2001,1231479.0
Ghana,2002,1174112.0
Ghana,2003,1114441.0
Ghana,2004,1271973.0
Ghana,2005,1057760.0
Ghana,2006,1077825.0
Ghana,2007,908297.0
Ghana,2008,730811.0
Ghana,2009,791049.0
Ghana,2010,nan
Gibraltar,2000,nan
Gibraltar,2001,nan
Gibraltar,2002,nan
Gibraltar,2003,nan
Gibraltar,2004,nan
Gibraltar,2005,nan
Gibraltar,2006,nan
Gibraltar,2007,nan
Gibraltar,2008,nan
Gibraltar,2009,nan
Gibraltar,2010,nan
Greece,2000,15134.0
Greece,2001,20267.0
Greece,2002,10270.0
Greece,2003,3127.0
Greece,2004,2555.0
Greece,2005,5038.0
Greece,2006,7963.0
Greece,2007,9588.0
Greece,2008,nan
Greece,2009,nan
Greece,2010,6088.0
Greenland,2000,nan
Greenland,2001,nan
Greenland,2002,nan
Greenland,2003,nan
Greenland,2004,nan
Greenland,2005,nan
Greenland,2006,nan
Greenland,2007,nan
Greenland,2008,nan
Greenland,2009,nan
Greenland,2010,nan
Grenada,2000,2981.0
Grenada,2001,1567.0
Grenada,2002,nan
Grenada,2003,180.0
Grenada,2004,215.0
Grenada,2005,nan
Grenada,2006,nan
Grenada,2007,928.0
Grenada,2008,577.0
Grenada,2009,345.0
Grenada,2010,462.0
Guadeloupe,2000,nan
Guadeloupe,2001,nan
Guadeloupe,2002,nan
Guadeloupe,2003,nan
Guadeloupe,2004,nan
Guadeloupe,2005,nan
Guadeloupe,2006,nan
Guadeloupe,2007,nan
Guadeloupe,2008,nan
Guadeloupe,2009,nan
Guadeloupe,2010,nan
Guam,2000,nan
Guam,2001,nan
Guam,2002,nan
Guam,2003,nan
Guam,2004,nan
Guam,2005,nan
Guam,2006,nan
Guam,2007,nan
Guam,2008,nan
Guam,2009,nan
Guam,2010,nan
Guatemala,2000,244915.0
Guatemala,2001,267177.0
Guatemala,2002,209260.0
Guatemala,2003,169252.0
Guatemala,2004,127489.0
Guatemala,2005,101476.0
Guatemala,2006,75096.0
Guatemala,2007,59256.0
Guatemala,2008,69744.0
Guatemala,2009,31697.0
Guatemala,2010,45144.0
Guernsey,2000,nan
Guernsey,2001,nan
Guernsey,2002,nan
Guernsey,2003,nan
Guernsey,2004,nan
Guernsey,2005,nan
Guernsey,2006,nan
Guernsey,2007,nan
Guernsey,2008,nan
Guernsey,2009,nan
Guernsey,2010,nan
Guinea,2000,703816.0
Guinea,2001,660232.0
Guinea,2002,561012.0
Guinea,2003,513856.0
Guinea,2004,470758.0
Guinea,2005,440459.0
Guinea,2006,404313.0
Guinea,2007,372376.0
Guinea,2008,387465.0
Guinea,2009,365285.0
Guinea,2010,354858.0
Guinea-Bissau,2000,93057.0
Guinea-Bissau,2001,nan
Guinea-Bissau,2002,nan
Guinea-Bissau,2003,nan
Guinea-Bissau,2004,nan
Guinea-Bissau,2005,nan
Guinea-Bissau,2006,nan
Guinea-Bissau,2007,nan
Guinea-Bissau,2008,nan
Guinea-Bissau,2009,nan
Guinea-Bissau,2010,56640.0
Guyana,2000,nan
Guyana,2001,nan
Guyana,2002,nan
Guyana,2003,1910.0
Guyana,2004,nan
Guyana,2005,nan
Guyana,2006,nan
Guyana,2007,nan
Guyana,2008,13675.0
Guyana,2009,21733.0
Guyana,2010,18637.0
Haiti,2000,nan
Haiti,2001,nan
Haiti,2002,nan
Haiti,2003,nan
Haiti,2004,nan
Haiti,2005,nan
Haiti,2006,nan
Haiti,2007,nan
Haiti,2008,nan
Haiti,2009,nan
Haiti,2010,nan
Holy See,2000,nan
Holy See,2001,nan
Holy See,2002,nan
Holy See,2003,nan
Holy See,2004,nan
Holy See,2005,nan
Holy See,2006,nan
Holy See,2007,nan
Holy See,2008,nan
Holy See,2009,nan
Holy See,2010,nan
Honduras,2000,114558.0
Honduras,2001,nan
Honduras,2002,nan
Honduras,2003,nan
Honduras,2004,45363.0
Honduras,2005,85266.0
Honduras,2006,41572.0
Honduras,2007,74936.0
Honduras,2008,43183.0
Honduras,2009,38813.0
Honduras,2010,45759.0
"Hong Kong, China",2000,nan
"Hong Kong, China",2001,35310.0
"Hong Kong, China",2002,32078.0
"Hong Kong, China",2003,25679.0
"Hong Kong, China",2004,18161.0
"Hong Kong, China",2005,17508.0
"Hong Kong, China",2006,15884.0
"Hong Kong, China",2007,15155.0
"Hong Kong, China",2008,15010.0
"Hong Kong, China",2009,11727.0
"Hong Kong, China",2010,5277.0
Hungary,2000,12287.0
Hungary,2001,10655.0
Hungary,2002,9970.0
Hungary,2003,15417.0
Hungary,2004,17541.0
Hungary,2005,14911.0
Hungary,2006,13575.0
Hungary,2007,15181.0
Hungary,2008,10652.0
Hungary,2009,7733.0
Hungary,2010,7350.0
Iceland,2000,257.0
Iceland,2001,138.0
Iceland,2002,148.0
Iceland,2003,240.0
Iceland,2004,672.0
Iceland,2005,657.0
Iceland,2006,638.0
Iceland,2007,598.0
Iceland,2008,365.0
Iceland,2009,167.0
Iceland,2010,294.0
India,2000,20007708.0
India,2001,20305963.0
India,2002,20700241.0
India,2003,14747899.0
India,2004,6184213.0
India,2005,6853721.0
India,2006,6314803.0
India,2007,4866752.0
India,2008,2278322.0
India,2009,nan
India,2010,nan
Indonesia,2000,1599485.0
Indonesia,2001,1272138.0
Indonesia,2002,1236013.0
Indonesia,2003,1090144.0
Indonesia,2004,948474.0
Indonesia,2005,1277402.0
Indonesia,2006,421016.0
Indonesia,2007,510605.0
Indonesia,2008,320801.0
Indonesia,2009,399571.0
Indonesia,2010,105670.0
Iran,2000,1181950.0
Iran,2001,nan
Iran,2002,446667.0
Iran,2003,462745.0
Iran,2004,223213.0
Iran,2005,205780.0
Iran,2006,47049.0
Iran,2007,23888.0
Iran,2008,nan
Iran,2009,14417.0
Iran,2010,16597.0
Iraq,2000,481646.0
Iraq,2001,512093.0
Iraq,2002,nan
Iraq,2003,310817.0
Iraq,2004,384763.0
Iraq,2005,nan
Iraq,2006,nan
Iraq,2007,501445.0
Iraq,2008,nan
Iraq,2009,nan
Iraq,2010,nan
Ireland,2000,977.0
Ireland,2001,4061.0
Ireland,2002,444.0
Ireland,2003,18.0
Ireland,2004,700.0
Ireland,2005,863.0
Ireland,2006,433.0
Ireland,2007,658.0
Ireland,2008,1706.0
Ireland,2009,1923.0
Ireland,2010,1434.0
Isle of Man,2000,nan
Isle of Man,2001,nan
Isle of Man,2002,nan
Isle of Man,2003,nan
Isle of Man,2004,nan
Isle of Man,2005,nan
Isle of Man,2006,nan
Isle of Man,2007,nan
Isle of Man,2008,nan
Isle of Man,2009,nan
Isle of Man,2010,nan
Israel,2000,13703.0
Israel,2001,10832.0
Israel,2002,13069.0
Israel,2003,12687.0
Israel,2004,15797.0
Israel,2005,17230.0
Israel,2006,21092.0
Israel,2007,19913.0
Israel,2008,20535.0
Israel,2009,23155.0
Israel,2010,20204.0
Italy,2000,7179.0
Italy,2001,9499.0
Italy,2002,13212.0
Italy,2003,15361.0
Italy,2004,23692.0
Italy,2005,18955.0
Italy,2006,17373.0
Italy,2007,14049.0
Italy,2008,13397.0
Italy,2009,16434.0
Italy,2010,25059.0
Jamaica,2000,20837.0
Jamaica,2001,23679.0
Jamaica,2002,26363.0
Jamaica,2003,32120.0
Jamaica,2004,29052.0
Jamaica,2005,38594.0
Jamaica,2006,nan
Jamaica,2007,67591.0
Jamaica,2008,60816.0
Jamaica,2009,60112.0
Jamaica,2010,59454.0
Japan,2000,2529.0
Japan,2001,1836.0
Japan,2002,2447.0
Japan,2003,1433.0
Japan,2004,3883.0
Japan,2005,1814.0
Japan,2006,441.0
Japan,2007,2031.0
Japan,2008,2609.0
Japan,2009,1551.0
Japan,2010,1979.0
Jersey,2000,nan
Jersey,2001,nan
Jersey,2002,nan
Jersey,2003,nan
Jersey,2004,nan
Jersey,2005,nan
Jersey,2006,nan
Jersey,2007,nan
Jersey,2008,nan
Jersey,2009,nan
Jersey,2010,nan
Jordan,2000,40026.0
Jordan,2001,nan
Jordan,2002,5159.0
Jordan,2003,6463.0
Jordan,2004,8813.0
Jordan,2005,6173.0
Jordan,2006,8665.0
Jordan,2007,30184.0
Jordan,2008,51425.0
Jordan,2009,nan
Jordan,2010,82699.0
Kazakhstan,2000,75050.0
Kazakhstan,2001,33289.0
Kazakhstan,2002,16372.0
Kazakhstan,2003,16486.0
Kazakhstan,2004,14617.0
Kazakhstan,2005,14650.0
Kazakhstan,2006,15453.0
Kazakhstan,2007,10855.0
Kazakhstan,2008,9292.0
Kazakhstan,2009,6491.0
Kazakhstan,2010,2738.0
Kenya,2000,1814188.0
Kenya,2001,nan
Kenya,2002,2017389.0
Kenya,2003,1368236.0
Kenya,2004,1436180.0
Kenya,2005,1361191.0
Kenya,2006,1397547.0
Kenya,2007,771262.0
Kenya,2008,1051358.0
Kenya,2009,1009592.0
Kenya,2010,nan
Kiribati,2000,139.0
Kiribati,2001,nan
Kiribati,2002,81.0
Kiribati,2003,nan
Kiribati,2004,nan
Kiribati,2005,nan
Kiribati,2006,nan
Kiribati,2007,nan
Kiribati,2008,nan
Kiribati,2009,nan
Kiribati,2010,nan
North Korea,2000,nan
North Korea,2001,nan
North Korea,2002,nan
North Korea,2003,nan
North Korea,2004,nan
North Korea,2005,nan
North Korea,2006,nan
North Korea,2007,nan
North Korea,2008,nan
North Korea,2009,nan
North Korea,2010,nan
South Korea,2000,9888.0
South Korea,2001,19001.0
South Korea,2002,27459.0
South Korea,2003,10140.0
South Korea,2004,22738.0
South Korea,2005,25120.0
South Korea,2006,24671.0
South Korea,2007,23511.0
South Korea,2008,19922.0
South Korea,2009,14352.0
South Korea,2010,35309.0
United Korea (former),2000,nan
United Korea (former),2001,nan
United Korea (former),2002,nan
United Korea (former),2003,nan
United Korea (former),2004,nan
United Korea (former),2005,nan
United Korea (former),2006,nan
United Korea (former),2007,nan
United Korea (former),2008,nan
United Korea (former),2009,nan
United Korea (former),2010,nan
Kosovo,2000,nan
Kosovo,2001,nan
Kosovo,2002,nan
Kosovo,2003,nan
Kosovo,2004,nan
Kosovo,2005,nan
Kosovo,2006,nan
Kosovo,2007,nan
Kosovo,2008,nan
Kosovo,2009,nan
Kosovo,2010,nan
Kuwait,2000,5893.0
Kuwait,2001,5294.0
Kuwait,2002,241.0
Kuwait,2003,3050.0
Kuwait,2004,3314.0
Kuwait,2005,1859.0
Kuwait,2006,nan
Kuwait,2007,4331.0
Kuwait,2008,3535.0
Kuwait,2009,nan
Kuwait,2010,nan
Kyrgyz Republic,2000,37343.0
Kyrgyz Republic,2001,33256.0
Kyrgyz Republic,2002,32261.0
Kyrgyz Republic,2003,31705.0
Kyrgyz Republic,2004,9539.0
Kyrgyz Republic,2005,19991.0
Kyrgyz Republic,2006,15686.0
Kyrgyz Republic,2007,21244.0
Kyrgyz Republic,2008,23308.0
Kyrgyz Republic,2009,24314.0
Kyrgyz Republic,2010,18490.0
Lao,2000,165648.0
Lao,2001,173540.0
Lao,2002,167664.0
Lao,2003,149032.0
Lao,2004,144931.0
Lao,2005,135358.0
Lao,2006,123232.0
Lao,2007,102626.0
Lao,2008,82223.0
Lao,2009,61673.0
Lao,2010,23215.0
Latvia,2000,nan
Latvia,2001,nan
Latvia,2002,nan
Latvia,2003,nan
Latvia,2004,nan
Latvia,2005,nan
Latvia,2006,nan
Latvia,2007,nan
Latvia,2008,6752.0
Latvia,2009,6235.0
Latvia,2010,4697.0
Lebanon,2000,nan
Lebanon,2001,nan
Lebanon,2002,nan
Lebanon,2003,nan
Lebanon,2004,nan
Lebanon,2005,nan
Lebanon,2006,57869.0
Lebanon,2007,57320.0
Lebanon,2008,55422.0
Lebanon,2009,47159.0
Lebanon,2010,29847.0
Lesotho,2000,87689.0
Lesotho,2001,88792.0
Lesotho,2002,88421.0
Lesotho,2003,88790.0
Lesotho,2004,97787.0
Lesotho,2005,100940.0
Lesotho,2006,111557.0
Lesotho,2007,110108.0
Lesotho,2008,106013.0
Lesotho,2009,105246.0
Lesotho,2010,98874.0
Liberia,2000,nan
Liberia,2001,nan
Liberia,2002,nan
Liberia,2003,nan
Liberia,2004,nan
Liberia,2005,nan
Liberia,2006,324568.0
Liberia,2007,300903.0
Liberia,2008,317652.0
Liberia,2009,351919.0
Liberia,2010,nan
Libya,2000,nan
Libya,2001,nan
Libya,2002,nan
Libya,2003,nan
Libya,2004,nan
Libya,2005,nan
Libya,2006,nan
Libya,2007,nan
Libya,2008,nan
Libya,2009,nan
Libya,2010,nan
Liechtenstein,2000,nan
Liechtenstein,2001,nan
Liechtenstein,2002,nan
Liechtenstein,2003,16.0
Liechtenstein,2004,12.0
Liechtenstein,2005,nan
Liechtenstein,2006,24.0
Liechtenstein,2007,23.0
Liechtenstein,2008,16.0
Liechtenstein,2009,30.0
Liechtenstein,2010,16.0
Lithuania,2000,4210.0
Lithuania,2001,3662.0
Lithuania,2002,4195.0
Lithuania,2003,9678.0
Lithuania,2004,14512.0
Lithuania,2005,15146.0
Lithuania,2006,12292.0
Lithuania,2007,8390.0
Lithuania,2008,5485.0
Lithuania,2009,4415.0
Lithuania,2010,5495.0
Luxembourg,2000,973.0
Luxembourg,2001,1023.0
Luxembourg,2002,901.0
Luxembourg,2003,1240.0
Luxembourg,2004,1005.0
Luxembourg,2005,631.0
Luxembourg,2006,596.0
Luxembourg,2007,748.0
Luxembourg,2008,1141.0
Luxembourg,2009,nan
Luxembourg,2010,1951.0
"Macao, China",2000,6403.0
"Macao, China",2001,6730.0
"Macao, China",2002,5738.0
"Macao, China",2003,5102.0
"Macao, China",2004,4463.0
"Macao, China",2005,4091.0
"Macao, China",2006,4050.0
"Macao, China",2007,3777.0
"Macao, China",2008,3853.0
"Macao, China",2009,4355.0
"Macao, China",2010,4710.0
"Macedonia, FYR",2000,2769.0
"Macedonia, FYR",2001,2321.0
"Macedonia, FYR",2002,4128.0
"Macedonia, FYR",2003,5989.0
"Macedonia, FYR",2004,5953.0
"Macedonia, FYR",2005,6286.0
"Macedonia, FYR",2006,7766.0
"Macedonia, FYR",2007,8154.0
"Macedonia, FYR",2008,10330.0
"Macedonia, FYR",2009,7730.0
"Macedonia, FYR",2010,2212.0
Madagascar,2000,705347.0
Madagascar,2001,693908.0
Madagascar,2002,697690.0
Madagascar,2003,485306.0
Madagascar,2004,nan
Madagascar,2005,nan
Madagascar,2006,nan
Madagascar,2007,nan
Madagascar,2008,nan
Madagascar,2009,nan
Madagascar,2010,nan
Malawi,2000,nan
Malawi,2001,nan
Malawi,2002,nan
Malawi,2003,22752.0
Malawi,2004,53531.0
Malawi,2005,53208.0
Malawi,2006,66021.0
Malawi,2007,134555.0
Malawi,2008,69893.0
Malawi,2009,62275.0
Malawi,2010,nan
Malaysia,2000,67392.0
Malaysia,2001,99743.0
Malaysia,2002,156073.0
Malaysia,2003,161519.0
Malaysia,2004,113446.0
Malaysia,2005,136646.0
Malaysia,2006,nan
Malaysia,2007,nan
Malaysia,2008,nan
Malaysia,2009,nan
Malaysia,2010,nan
Maldives,2000,782.0
Maldives,2001,1248.0
Maldives,2002,1272.0
Maldives,2003,nan
Maldives,2004,127.0
Maldives,2005,979.0
Maldives,2006,882.0
Maldives,2007,1253.0
Maldives,2008,1178.0
Maldives,2009,1330.0
Maldives,2010,1388.0
Mali,2000,nan
Mali,2001,nan
Mali,2002,974473.0
Mali,2003,1001681.0
Mali,2004,1033249.0
Mali,2005,965095.0
Mali,2006,969481.0
Mali,2007,958102.0
Mali,2008,nan
Mali,2009,860731.0
Mali,2010,858255.0
Malta,2000,2130.0
Malta,2001,2299.0
Malta,2002,2453.0
Malta,2003,2470.0
Malta,2004,2258.0
Malta,2005,2966.0
Malta,2006,nan
Malta,2007,2393.0
Malta,2008,2188.0
Malta,2009,2875.0
Malta,2010,1529.0
Marshall Islands,2000,nan
Marshall Islands,2001,nan
Marshall Islands,2002,137.0
Marshall Islands,2003,nan
Marshall Islands,2004,nan
Marshall Islands,2005,nan
Marshall Islands,2006,nan
Marshall Islands,2007,nan
Marshall Islands,2008,nan
Marshall Islands,2009,nan
Marshall Islands,2010,nan
Martinique,2000,nan
Martinique,2001,nan
Martinique,2002,nan
Martinique,2003,nan
Martinique,2004,nan
Martinique,2005,nan
Martinique,2006,nan
Martinique,2007,nan
Martinique,2008,nan
Martinique,2009,nan
Martinique,2010,nan
Mauritania,2000,163972.0
Mauritania,2001,152518.0
Mauritania,2002,149968.0
Mauritania,2003,147492.0
Mauritania,2004,117454.0
Mauritania,2005,125204.0
Mauritania,2006,113396.0
Mauritania,2007,110177.0
Mauritania,2008,129333.0
Mauritania,2009,134496.0
Mauritania,2010,133538.0
Mauritius,2000,9940.0
Mauritius,2001,10575.0
Mauritius,2002,8762.0
Mauritius,2003,8940.0
Mauritius,2004,9984.0
Mauritius,2005,8871.0
Mauritius,2006,8140.0
Mauritius,2007,7698.0
Mauritius,2008,7682.0
Mauritius,2009,8034.0
Mauritius,2010,7797.0
Mayotte,2000,nan
Mayotte,2001,nan
Mayotte,2002,nan
Mayotte,2003,nan
Mayotte,2004,nan
Mayotte,2005,nan
Mayotte,2006,nan
Mayotte,2007,nan
Mayotte,2008,nan
Mayotte,2009,nan
Mayotte,2010,nan
Mexico,2000,73700.0
Mexico,2001,80053.0
Mexico,2002,69622.0
Mexico,2003,63311.0
Mexico,2004,59962.0
Mexico,2005,59233.0
Mexico,2006,46163.0
Mexico,2007,75232.0
Mexico,2008,61722.0
Mexico,2009,49793.0
Mexico,2010,58273.0
"Micronesia, Fed. Sts.",2000,nan
"Micronesia, Fed. Sts.",2001,nan
"Micronesia, Fed. Sts.",2002,nan
"Micronesia, Fed. Sts.",2003,nan
"Micronesia, Fed. Sts.",2004,nan
"Micronesia, Fed. Sts.",2005,nan
"Micronesia, Fed. Sts.",2006,nan
"Micronesia, Fed. Sts.",2007,nan
"Micronesia, Fed. Sts.",2008,nan
"Micronesia, Fed. Sts.",2009,nan
"Micronesia, Fed. Sts.",2010,nan
Moldova,2000,18507.0
Moldova,2001,10459.0
Moldova,2002,9108.0
Moldova,2003,7181.0
Moldova,2004,6717.0
Moldova,2005,12469.0
Moldova,2006,16572.0
Moldova,2007,16982.0
Moldova,2008,15389.0
Moldova,2009,15482.0
Moldova,2010,14936.0
Monaco,2000,nan
Monaco,2001,nan
Monaco,2002,nan
Monaco,2003,nan
Monaco,2004,nan
Monaco,2005,nan
Monaco,2006,nan
Monaco,2007,nan
Monaco,2008,nan
Monaco,2009,nan
Monaco,2010,nan
Mongolia,2000,21173.0
Mongolia,2001,16581.0
Mongolia,2002,17627.0
Mongolia,2003,32893.0
Mongolia,2004,17164.0
Mongolia,2005,24094.0
Mongolia,2006,13274.0
Mongolia,2007,14812.0
Mongolia,2008,7731.0
Mongolia,2009,6673.0
Mongolia,2010,2122.0
Montenegro,2000,nan
Montenegro,2001,nan
Montenegro,2002,nan
Montenegro,2003,884.0
Montenegro,2004,nan
Montenegro,2005,682.0
Montenegro,2006,510.0
Montenegro,2007,1784.0
Montenegro,2008,2240.0
Montenegro,2009,nan
Montenegro,2010,nan
Montserrat,2000,nan
Montserrat,2001,nan
Montserrat,2002,nan
Montserrat,2003,nan
Montserrat,2004,nan
Montserrat,2005,nan
Montserrat,2006,nan
Montserrat,2007,nan
Montserrat,2008,nan
Montserrat,2009,nan
Montserrat,2010,nan
Morocco,2000,941922.0
Morocco,2001,757073.0
Morocco,2002,564838.0
Morocco,2003,498193.0
Morocco,2004,497894.0
Morocco,2005,461100.0
Morocco,2006,419161.0
Morocco,2007,380029.0
Morocco,2008,351472.0
Morocco,2009,344672.0
Morocco,2010,207749.0
Mozambique,2000,1497798.0
Mozambique,2001,1378541.0
Mozambique,2002,1565521.0
Mozambique,2003,nan
Mozambique,2004,1126260.0
Mozambique,2005,938034.0
Mozambique,2006,791046.0
Mozambique,2007,589303.0
Mozambique,2008,459383.0
Mozambique,2009,422041.0
Mozambique,2010,366736.0
Myanmar,2000,nan
Myanmar,2001,nan
Myanmar,2002,nan
Myanmar,2003,nan
Myanmar,2004,nan
Myanmar,2005,nan
Myanmar,2006,nan
Myanmar,2007,nan
Myanmar,2008,nan
Myanmar,2009,nan
Myanmar,2010,nan
Namibia,2000,35267.0
Namibia,2001,33430.0
Namibia,2002,29580.0
Namibia,2003,31229.0
Namibia,2004,41332.0
Namibia,2005,42811.0
Namibia,2006,49198.0
Namibia,2007,45965.0
Namibia,2008,50035.0
Namibia,2009,51667.0
Namibia,2010,52851.0
Nauru,2000,nan
Nauru,2001,nan
Nauru,2002,nan
Nauru,2003,nan
Nauru,2004,nan
Nauru,2005,nan
Nauru,2006,nan
Nauru,2007,nan
Nauru,2008,nan
Nauru,2009,nan
Nauru,2010,nan
Nepal,2000,926520.0
Nepal,2001,nan
Nepal,2002,nan
Nepal,2003,nan
Nepal,2004,nan
Nepal,2005,nan
Nepal,2006,nan
Nepal,2007,nan
Nepal,2008,nan
Nepal,2009,nan
Nepal,2010,nan
Netherlands,2000,6916.0
Netherlands,2001,7151.0
Netherlands,2002,7377.0
Netherlands,2003,18608.0
Netherlands,2004,26358.0
Netherlands,2005,25657.0
Netherlands,2006,17226.0
Netherlands,2007,6746.0
Netherlands,2008,4750.0
Netherlands,2009,2770.0
Netherlands,2010,266.0
Netherlands Antilles,2000,nan
Netherlands Antilles,2001,nan
Netherlands Antilles,2002,nan
Netherlands Antilles,2003,nan
Netherlands Antilles,2004,nan
Netherlands Antilles,2005,nan
Netherlands Antilles,2006,nan
Netherlands Antilles,2007,nan
Netherlands Antilles,2008,nan
Netherlands Antilles,2009,nan
Netherlands Antilles,2010,nan
New Caledonia,2000,nan
New Caledonia,2001,nan
New Caledonia,2002,nan
New Caledonia,2003,nan
New Caledonia,2004,nan
New Caledonia,2005,nan
New Caledonia,2006,nan
New Caledonia,2007,nan
New Caledonia,2008,nan
New Caledonia,2009,nan
New Caledonia,2010,nan
New Zealand,2000,3650.0
New Zealand,2001,9721.0
New Zealand,2002,3816.0
New Zealand,2003,6721.0
New Zealand,2004,5851.0
New Zealand,2005,3178.0
New Zealand,2006,2989.0
New Zealand,2007,1781.0
New Zealand,2008,1390.0
New Zealand,2009,1693.0
New Zealand,2010,1833.0
Ngorno-Karabakh,2000,nan
Ngorno-Karabakh,2001,nan
Ngorno-Karabakh,2002,nan
Ngorno-Karabakh,2003,nan
Ngorno-Karabakh,2004,nan
Ngorno-Karabakh,2005,nan
Ngorno-Karabakh,2006,nan
Ngorno-Karabakh,2007,nan
Ngorno-Karabakh,2008,nan
Ngorno-Karabakh,2009,nan
Ngorno-Karabakh,2010,nan
Nicaragua,2000,138705.0
Nicaragua,2001,117986.0
Nicaragua,2002,71324.0
Nicaragua,2003,67362.0
Nicaragua,2004,53246.0
Nicaragua,2005,45549.0
Nicaragua,2006,58370.0
Nicaragua,2007,55665.0
Nicaragua,2008,44711.0
Nicaragua,2009,nan
Nicaragua,2010,48167.0
Niger,2000,1295457.0
Niger,2001,1278700.0
Niger,2002,1256189.0
Niger,2003,1230413.0
Niger,2004,1205055.0
Niger,2005,1249230.0
Niger,2006,1259406.0
Niger,2007,1267091.0
Niger,2008,1220778.0
Niger,2009,1161796.0
Niger,2010,1085721.0
Nigeria,2000,6940723.0
Nigeria,2001,nan
Nigeria,2002,nan
Nigeria,2003,7122520.0
Nigeria,2004,7093503.0
Nigeria,2005,7133266.0
Nigeria,2006,7150254.0
Nigeria,2007,7974015.0
Nigeria,2008,9686822.0
Nigeria,2009,10288599.0
Nigeria,2010,10542105.0
Niue,2000,nan
Niue,2001,nan
Niue,2002,nan
Niue,2003,nan
Niue,2004,nan
Niue,2005,nan
Niue,2006,nan
Niue,2007,nan
Niue,2008,nan
Niue,2009,nan
Niue,2010,nan
Norfolk Island,2000,nan
Norfolk Island,2001,nan
Norfolk Island,2002,nan
Norfolk Island,2003,nan
Norfolk Island,2004,nan
Norfolk Island,2005,nan
Norfolk Island,2006,nan
Norfolk Island,2007,nan
Norfolk Island,2008,nan
Norfolk Island,2009,nan
Norfolk Island,2010,nan
Northern Cyprus,2000,nan
Northern Cyprus,2001,nan
Northern Cyprus,2002,nan
Northern Cyprus,2003,nan
Northern Cyprus,2004,nan
Northern Cyprus,2005,nan
Northern Cyprus,2006,nan
Northern Cyprus,2007,nan
Northern Cyprus,2008,nan
Northern Cyprus,2009,nan
Northern Cyprus,2010,nan
Northern Mariana Islands,2000,nan
Northern Mariana Islands,2001,nan
Northern Mariana Islands,2002,nan
Northern Mariana Islands,2003,nan
Northern Mariana Islands,2004,nan
Northern Mariana Islands,2005,nan
Northern Mariana Islands,2006,nan
Northern Mariana Islands,2007,nan
Northern Mariana Islands,2008,nan
Northern Mariana Islands,2009,nan
Northern Mariana Islands,2010,nan
Norway,2000,1179.0
Norway,2001,970.0
Norway,2002,1083.0
Norway,2003,624.0
Norway,2004,2277.0
Norway,2005,5999.0
Norway,2006,5891.0
Norway,2007,4664.0
Norway,2008,4194.0
Norway,2009,4407.0
Norway,2010,3657.0
Oman,2000,61332.0
Oman,2001,49960.0
Oman,2002,42311.0
Oman,2003,41501.0
Oman,2004,nan
Oman,2005,nan
Oman,2006,nan
Oman,2007,nan
Oman,2008,nan
Oman,2009,5240.0
Oman,2010,5371.0
Pakistan,2000,nan
Pakistan,2001,8398974.0
Pakistan,2002,nan
Pakistan,2003,8507711.0
Pakistan,2004,7510474.0
Pakistan,2005,7158051.0
Pakistan,2006,7619171.0
Pakistan,2007,6602932.0
Pakistan,2008,6266251.0
Pakistan,2009,5709703.0
Pakistan,2010,5125373.0
Palau,2000,61.0
Palau,2001,nan
Palau,2002,nan
Palau,2003,nan
Palau,2004,nan
Palau,2005,nan
Palau,2006,nan
Palau,2007,nan
Palau,2008,nan
Palau,2009,nan
Palau,2010,nan
Panama,2000,5002.0
Panama,2001,3112.0
Panama,2002,3814.0
Panama,2003,nan
Panama,2004,4501.0
Panama,2005,3642.0
Panama,2006,3743.0
Panama,2007,4077.0
Panama,2008,4579.0
Panama,2009,11689.0
Panama,2010,5457.0
Papua New Guinea,2000,nan
Papua New Guinea,2001,nan
Papua New Guinea,2002,nan
Papua New Guinea,2003,nan
Papua New Guinea,2004,nan
Papua New Guinea,2005,nan
Papua New Guinea,2006,nan
Papua New Guinea,2007,nan
Papua New Guinea,2008,nan
Papua New Guinea,2009,nan
Papua New Guinea,2010,nan
Paraguay,2000,17055.0
Paraguay,2001,19283.0
Paraguay,2002,34987.0
Paraguay,2003,40765.0
Paraguay,2004,44693.0
Paraguay,2005,41434.0
Paraguay,2006,56898.0
Paraguay,2007,77961.0
Paraguay,2008,100885.0
Paraguay,2009,122636.0
Paraguay,2010,136015.0
Peru,2000,1174.0
Peru,2001,4664.0
Peru,2002,2835.0
Peru,2003,4744.0
Peru,2004,14148.0
Peru,2005,14120.0
Peru,2006,11668.0
Peru,2007,12058.0
Peru,2008,62393.0
Peru,2009,97461.0
Peru,2010,65931.0
Philippines,2000,nan
Philippines,2001,1101169.0
Philippines,2002,1066122.0
Philippines,2003,1042853.0
Philippines,2004,1128474.0
Philippines,2005,1243060.0
Philippines,2006,1468932.0
Philippines,2007,1524652.0
Philippines,2008,1516160.0
Philippines,2009,1460431.0
Philippines,2010,nan
Pitcairn,2000,nan
Pitcairn,2001,nan
Pitcairn,2002,nan
Pitcairn,2003,nan
Pitcairn,2004,nan
Pitcairn,2005,nan
Pitcairn,2006,nan
Pitcairn,2007,nan
Pitcairn,2008,nan
Pitcairn,2009,nan
Pitcairn,2010,nan
Poland,2000,84809.0
Poland,2001,75903.0
Poland,2002,81802.0
Poland,2003,91952.0
Poland,2004,104035.0
Poland,2005,117501.0
Poland,2006,119751.0
Poland,2007,120095.0
Poland,2008,116006.0
Poland,2009,93741.0
Poland,2010,72718.0
Portugal,2000,19822.0
Portugal,2001,5123.0
Portugal,2002,4255.0
Portugal,2003,7841.0
Portugal,2004,6143.0
Portugal,2005,5248.0
Portugal,2006,6114.0
Portugal,2007,7849.0
Portugal,2008,10094.0
Portugal,2009,4202.0
Portugal,2010,4208.0
Puerto Rico,2000,nan
Puerto Rico,2001,nan
Puerto Rico,2002,nan
Puerto Rico,2003,nan
Puerto Rico,2004,nan
Puerto Rico,2005,nan
Puerto Rico,2006,nan
Puerto Rico,2007,nan
Puerto Rico,2008,nan
Puerto Rico,2009,nan
Puerto Rico,2010,45653.0
Qatar,2000,2316.0
Qatar,2001,3073.0
Qatar,2002,2116.0
Qatar,2003,4098.0
Qatar,2004,5364.0
Qatar,2005,3901.0
Qatar,2006,1968.0
Qatar,2007,2910.0
Qatar,2008,1979.0
Qatar,2009,1497.0
Qatar,2010,3311.0
Reunion,2000,nan
Reunion,2001,nan
Reunion,2002,nan
Reunion,2003,nan
Reunion,2004,nan
Reunion,2005,nan
Reunion,2006,nan
Reunion,2007,nan
Reunion,2008,nan
Reunion,2009,nan
Reunion,2010,nan
Romania,2000,88987.0
Romania,2001,72639.0
Romania,2002,34728.0
Romania,2003,1239.0
Romania,2004,8723.0
Romania,2005,9261.0
Romania,2006,45501.0
Romania,2007,56229.0
Romania,2008,65789.0
Romania,2009,67514.0
Romania,2010,109035.0
Russia,2000,nan
Russia,2001,nan
Russia,2002,nan
Russia,2003,nan
Russia,2004,nan
Russia,2005,nan
Russia,2006,310306.0
Russia,2007,286193.0
Russia,2008,259741.0
Russia,2009,220707.0
Russia,2010,nan
Rwanda,2000,nan
Rwanda,2001,336678.0
Rwanda,2002,279022.0
Rwanda,2003,196052.0
Rwanda,2004,272813.0
Rwanda,2005,251757.0
Rwanda,2006,nan
Rwanda,2007,123265.0
Rwanda,2008,144564.0
Rwanda,2009,25708.0
Rwanda,2010,20208.0
St. Barthélemy,2000,nan
St. Barthélemy,2001,nan
St. Barthélemy,2002,nan
St. Barthélemy,2003,nan
St. Barthélemy,2004,nan
St. Barthélemy,2005,nan
St. Barthélemy,2006,nan
St. Barthélemy,2007,nan
St. Barthélemy,2008,nan
St. Barthélemy,2009,nan
St. Barthélemy,2010,nan
St. Helena,2000,nan
St. Helena,2001,nan
St. Helena,2002,nan
St. Helena,2003,nan
St. Helena,2004,nan
St. Helena,2005,nan
St. Helena,2006,nan
St. Helena,2007,nan
St. Helena,2008,nan
St. Helena,2009,nan
St. Helena,2010,nan
St. Kitts and Nevis,2000,33.0
St. Kitts and Nevis,2001,145.0
St. Kitts and Nevis,2002,63.0
St. Kitts and Nevis,2003,30.0
St. Kitts and Nevis,2004,113.0
St. Kitts and Nevis,2005,197.0
St. Kitts and Nevis,2006,nan
St. Kitts and Nevis,2007,671.0
St. Kitts and Nevis,2008,1163.0
St. Kitts and Nevis,2009,517.0
St. Kitts and Nevis,2010,937.0
St. Lucia,2000,790.0
St. Lucia,2001,631.0
St. Lucia,2002,876.0
St. Lucia,2003,839.0
St. Lucia,2004,1318.0
St. Lucia,2005,1803.0
St. Lucia,2006,1188.0
St. Lucia,2007,1339.0
St. Lucia,2008,1544.0
St. Lucia,2009,1647.0
St. Lucia,2010,2124.0
St. Martin,2000,nan
St. Martin,2001,nan
St. Martin,2002,nan
St. Martin,2003,nan
St. Martin,2004,nan
St. Martin,2005,nan
St. Martin,2006,nan
St. Martin,2007,nan
St. Martin,2008,nan
St. Martin,2009,nan
St. Martin,2010,nan
St. Vincent and the Grenadines,2000,253.0
St. Vincent and the Grenadines,2001,248.0
St. Vincent and the Grenadines,2002,122.0
St. Vincent and the Grenadines,2003,82.0
St. Vincent and the Grenadines,2004,92.0
St. Vincent and the Grenadines,2005,260.0
St. Vincent and the Grenadines,2006,nan
St. Vincent and the Grenadines,2007,230.0
St. Vincent and the Grenadines,2008,346.0
St. Vincent and the Grenadines,2009,234.0
St. Vincent and the Grenadines,2010,209.0
St.-Pierre-et-Miquelon,2000,nan
St.-Pierre-et-Miquelon,2001,nan
St.-Pierre-et-Miquelon,2002,nan
St.-Pierre-et-Miquelon,2003,nan
St.-Pierre-et-Miquelon,2004,nan
St.-Pierre-et-Miquelon,2005,nan
St.-Pierre-et-Miquelon,2006,nan
St.-Pierre-et-Miquelon,2007,nan
St.-Pierre-et-Miquelon,2008,nan
St.-Pierre-et-Miquelon,2009,nan
St.-Pierre-et-Miquelon,2010,nan
Samoa,2000,2201.0
Samoa,2001,1285.0
Samoa,2002,244.0
Samoa,2003,266.0
Samoa,2004,384.0
Samoa,2005,nan
Samoa,2006,nan
Samoa,2007,794.0
Samoa,2008,nan
Samoa,2009,517.0
Samoa,2010,1411.0
San Marino,2000,nan
San Marino,2001,nan
San Marino,2002,nan
San Marino,2003,nan
San Marino,2004,nan
San Marino,2005,nan
San Marino,2006,nan
San Marino,2007,nan
San Marino,2008,nan
San Marino,2009,135.0
San Marino,2010,88.0
Sao Tome and Principe,2000,nan
Sao Tome and Principe,2001,nan
Sao Tome and Principe,2002,383.0
Sao Tome and Principe,2003,188.0
Sao Tome and Principe,2004,126.0
Sao Tome and Principe,2005,157.0
Sao Tome and Principe,2006,nan
Sao Tome and Principe,2007,1262.0
Sao Tome and Principe,2008,693.0
Sao Tome and Principe,2009,550.0
Sao Tome and Principe,2010,354.0
Saudi Arabia,2000,nan
Saudi Arabia,2001,nan
Saudi Arabia,2002,nan
Saudi Arabia,2003,nan
Saudi Arabia,2004,nan
Saudi Arabia,2005,594786.0
Saudi Arabia,2006,nan
Saudi Arabia,2007,538883.0
Saudi Arabia,2008,460373.0
Saudi Arabia,2009,318434.0
Saudi Arabia,2010,nan
Senegal,2000,626976.0
Senegal,2001,616211.0
Senegal,2002,nan
Senegal,2003,560495.0
Senegal,2004,507082.0
Senegal,2005,423324.0
Senegal,2006,449016.0
Senegal,2007,436262.0
Senegal,2008,402062.0
Senegal,2009,424138.0
Senegal,2010,429159.0
Serbia,2000,nan
Serbia,2001,nan
Serbia,2002,nan
Serbia,2003,nan
Serbia,2004,1129.0
Serbia,2005,992.0
Serbia,2006,145.0
Serbia,2007,4878.0
Serbia,2008,5765.0
Serbia,2009,11309.0
Serbia,2010,16133.0
Serbia and Montenegro,2000,nan
Serbia and Montenegro,2001,nan
Serbia and Montenegro,2002,nan
Serbia and Montenegro,2003,nan
Serbia and Montenegro,2004,nan
Serbia and Montenegro,2005,nan
Serbia and Montenegro,2006,nan
Serbia and Montenegro,2007,nan
Serbia and Montenegro,2008,nan
Serbia and Montenegro,2009,nan
Serbia and Montenegro,2010,nan
Serbia excluding Kosovo,2000,nan
Serbia excluding Kosovo,2001,nan
Serbia excluding Kosovo,2002,nan
Serbia excluding Kosovo,2003,nan
Serbia excluding Kosovo,2004,nan
Serbia excluding Kosovo,2005,nan
Serbia excluding Kosovo,2006,nan
Serbia excluding Kosovo,2007,nan
Serbia excluding Kosovo,2008,nan
Serbia excluding Kosovo,2009,nan
Serbia excluding Kosovo,2010,nan
Seychelles,2000,531.0
Seychelles,2001,712.0
Seychelles,2002,494.0
Seychelles,2003,nan
Seychelles,2004,18.0
Seychelles,2005,403.0
Seychelles,2006,nan
Seychelles,2007,nan
Seychelles,2008,nan
Seychelles,2009,nan
Seychelles,2010,nan
Sierra Leone,2000,nan
Sierra Leone,2001,nan
Sierra Leone,2002,nan
Sierra Leone,2003,nan
Sierra Leone,2004,nan
Sierra Leone,2005,nan
Sierra Leone,2006,nan
Sierra Leone,2007,nan
Sierra Leone,2008,nan
Sierra Leone,2009,nan
Sierra Leone,2010,nan
Singapore,2000,nan
Singapore,2001,nan
Singapore,2002,nan
Singapore,2003,nan
Singapore,2004,nan
Singapore,2005,nan
Singapore,2006,nan
Singapore,2007,nan
Singapore,2008,nan
Singapore,2009,nan
Singapore,2010,nan
Slovak Republic,2000,nan
Slovak Republic,2001,nan
Slovak Republic,2002,nan
Slovak Republic,2003,nan
Slovak Republic,2004,nan
Slovak Republic,2005,nan
Slovak Republic,2006,nan
Slovak Republic,2007,nan
Slovak Republic,2008,nan
Slovak Republic,2009,nan
Slovak Republic,2010,nan
Slovenia,2000,4223.0
Slovenia,2001,3522.0
Slovenia,2002,3009.0
Slovenia,2003,2492.0
Slovenia,2004,1275.0
Slovenia,2005,2502.0
Slovenia,2006,3710.0
Slovenia,2007,4248.0
Slovenia,2008,3561.0
Slovenia,2009,3094.0
Slovenia,2010,2746.0
Solomon Islands,2000,nan
Solomon Islands,2001,nan
Solomon Islands,2002,nan
Solomon Islands,2003,nan
Solomon Islands,2004,nan
Solomon Islands,2005,16763.0
Solomon Islands,2006,13481.0
Solomon Islands,2007,13727.0
Solomon Islands,2008,nan
Solomon Islands,2009,nan
Solomon Islands,2010,10282.0
Somalia,2000,nan
Somalia,2001,nan
Somalia,2002,nan
Somalia,2003,nan
Somalia,2004,nan
Somalia,2005,nan
Somalia,2006,nan
Somalia,2007,nan
Somalia,2008,nan
Somalia,2009,nan
Somalia,2010,nan
Somaliland,2000,nan
Somaliland,2001,nan
Somaliland,2002,nan
Somaliland,2003,nan
Somaliland,2004,nan
Somaliland,2005,nan
Somaliland,2006,nan
Somaliland,2007,nan
Somaliland,2008,nan
Somaliland,2009,nan
Somaliland,2010,nan
South Africa,2000,425498.0
South Africa,2001,401730.0
South Africa,2002,388061.0
South Africa,2003,362507.0
South Africa,2004,388886.0
South Africa,2005,478030.0
South Africa,2006,518895.0
South Africa,2007,481766.0
South Africa,2008,577376.0
South Africa,2009,678531.0
South Africa,2010,nan
South Ossetia,2000,nan
South Ossetia,2001,nan
South Ossetia,2002,nan
South Ossetia,2003,nan
South Ossetia,2004,nan
South Ossetia,2005,nan
South Ossetia,2006,nan
South Ossetia,2007,nan
South Ossetia,2008,nan
South Ossetia,2009,nan
South Ossetia,2010,nan
Spain,2000,1378.0
Spain,2001,2661.0
Spain,2002,2677.0
Spain,2003,4694.0
Spain,2004,5232.0
Spain,2005,8128.0
Spain,2006,6840.0
Spain,2007,5443.0
Spain,2008,4453.0
Spain,2009,2865.0
Spain,2010,6109.0
Sri Lanka,2000,nan
Sri Lanka,2001,3329.0
Sri Lanka,2002,nan
Sri Lanka,2003,2950.0
Sri Lanka,2004,51311.0
Sri Lanka,2005,2355.0
Sri Lanka,2006,1734.0
Sri Lanka,2007,14569.0
Sri Lanka,2008,45620.0
Sri Lanka,2009,106527.0
Sri Lanka,2010,102107.0
Sudan,2000,3058823.0
Sudan,2001,2947765.0
Sudan,2002,nan
Sudan,2003,nan
Sudan,2004,nan
Sudan,2005,nan
Sudan,2006,nan
Sudan,2007,nan
Sudan,2008,nan
Sudan,2009,nan
Sudan,2010,nan
Suriname,2000,nan
Suriname,2001,4187.0
Suriname,2002,4459.0
Suriname,2003,4185.0
Suriname,2004,nan
Suriname,2005,4922.0
Suriname,2006,6493.0
Suriname,2007,9399.0
Suriname,2008,6979.0
Suriname,2009,5680.0
Suriname,2010,nan
Svalbard,2000,nan
Svalbard,2001,nan
Svalbard,2002,nan
Svalbard,2003,nan
Svalbard,2004,nan
Svalbard,2005,nan
Svalbard,2006,nan
Svalbard,2007,nan
Svalbard,2008,nan
Svalbard,2009,nan
Svalbard,2010,nan
Swaziland,2000,62998.0
Swaziland,2001,61594.0
Swaziland,2002,61147.0
Swaziland,2003,59877.0
Swaziland,2004,53484.0
Swaziland,2005,50715.0
Swaziland,2006,37714.0
Swaziland,2007,31734.0
Swaziland,2008,nan
Swaziland,2009,37775.0
Swaziland,2010,29972.0
Sweden,2000,4151.0
Sweden,2001,2010.0
Sweden,2002,3508.0
Sweden,2003,7179.0
Sweden,2004,21736.0
Sweden,2005,30207.0
Sweden,2006,30213.0
Sweden,2007,21406.0
Sweden,2008,8150.0
Sweden,2009,3932.0
Sweden,2010,3597.0
Switzerland,2000,3570.0
Switzerland,2001,3996.0
Switzerland,2002,4028.0
Switzerland,2003,4064.0
Switzerland,2004,6238.0
Switzerland,2005,10351.0
Switzerland,2006,11235.0
Switzerland,2007,12075.0
Switzerland,2008,8625.0
Switzerland,2009,5564.0
Switzerland,2010,3888.0
Syria,2000,79109.0
Syria,2001,62644.0
Syria,2002,63885.0
Syria,2003,34271.0
Syria,2004,26025.0
Syria,2005,23501.0
Syria,2006,25592.0
Syria,2007,27104.0
Syria,2008,23031.0
Syria,2009,18848.0
Syria,2010,nan
Taiwan,2000,nan
Taiwan,2001,nan
Taiwan,2002,nan
Taiwan,2003,nan
Taiwan,2004,nan
Taiwan,2005,nan
Taiwan,2006,nan
Taiwan,2007,nan
Taiwan,2008,nan
Taiwan,2009,nan
Taiwan,2010,nan
Tajikistan,2000,27739.0
Tajikistan,2001,27283.0
Tajikistan,2002,16875.0
Tajikistan,2003,22283.0
Tajikistan,2004,18280.0
Tajikistan,2005,16649.0
Tajikistan,2006,18446.0
Tajikistan,2007,16968.0
Tajikistan,2008,17007.0
Tajikistan,2009,16268.0
Tajikistan,2010,15013.0
Tanzania,2000,3011283.0
Tanzania,2001,2761241.0
Tanzania,2002,1806175.0
Tanzania,2003,1252293.0
Tanzania,2004,960680.0
Tanzania,2005,649370.0
Tanzania,2006,255816.0
Tanzania,2007,nan
Tanzania,2008,137123.0
Tanzania,2009,nan
Tanzania,2010,nan
Thailand,2000,nan
Thailand,2001,nan
Thailand,2002,nan
Thailand,2003,nan
Thailand,2004,nan
Thailand,2005,nan
Thailand,2006,387379.0
Thailand,2007,467342.0
Thailand,2008,555904.0
Thailand,2009,611222.0
Thailand,2010,nan
Timor-Leste,2000,nan
Timor-Leste,2001,nan
Timor-Leste,2002,nan
Timor-Leste,2003,nan
Timor-Leste,2004,nan
Timor-Leste,2005,60789.0
Timor-Leste,2006,nan
Timor-Leste,2007,nan
Timor-Leste,2008,52905.0
Timor-Leste,2009,39475.0
Timor-Leste,2010,27710.0
Togo,2000,87303.0
Togo,2001,76690.0
Togo,2002,73474.0
Togo,2003,71811.0
Togo,2004,67260.0
Togo,2005,63002.0
Togo,2006,58786.0
Togo,2007,55429.0
Togo,2008,51411.0
Togo,2009,nan
Togo,2010,nan
Tokelau,2000,nan
Tokelau,2001,nan
Tokelau,2002,nan
Tokelau,2003,nan
Tokelau,2004,nan
Tokelau,2005,nan
Tokelau,2006,nan
Tokelau,2007,nan
Tokelau,2008,nan
Tokelau,2009,nan
Tokelau,2010,nan
Tonga,2000,nan
Tonga,2001,145.0
Tonga,2002,nan
Tonga,2003,nan
Tonga,2004,287.0
Tonga,2005,178.0
Tonga,2006,163.0
Tonga,2007,nan
Tonga,2008,nan
Tonga,2009,nan
Tonga,2010,nan
Transnistria,2000,nan
Transnistria,2001,nan
Transnistria,2002,nan
Transnistria,2003,nan
Transnistria,2004,nan
Transnistria,2005,nan
Transnistria,2006,nan
Transnistria,2007,nan
Transnistria,2008,nan
Transnistria,2009,nan
Transnistria,2010,nan
Trinidad and Tobago,2000,11041.0
Trinidad and Tobago,2001,9340.0
Trinidad and Tobago,2002,12395.0
Trinidad and Tobago,2003,9201.0
Trinidad and Tobago,2004,7809.0
Trinidad and Tobago,2005,11736.0
Trinidad and Tobago,2006,nan
Trinidad and Tobago,2007,4035.0
Trinidad and Tobago,2008,6300.0
Trinidad and Tobago,2009,5033.0
Trinidad and Tobago,2010,3276.0
Tunisia,2000,43301.0
Tunisia,2001,27275.0
Tunisia,2002,11456.0
Tunisia,2003,8413.0
Tunisia,2004,6224.0
Tunisia,2005,5128.0
Tunisia,2006,3371.0
Tunisia,2007,5270.0
Tunisia,2008,6301.0
Tunisia,2009,5222.0
Tunisia,2010,nan
Turkey,2000,261160.0
Turkey,2001,222555.0
Turkey,2002,203338.0
Turkey,2003,338385.0
Turkey,2004,274782.0
Turkey,2005,224334.0
Turkey,2006,147519.0
Turkey,2007,83629.0
Turkey,2008,66952.0
Turkey,2009,161880.0
Turkey,2010,68456.0
Turkmenistan,2000,nan
Turkmenistan,2001,nan
Turkmenistan,2002,nan
Turkmenistan,2003,nan
Turkmenistan,2004,nan
Turkmenistan,2005,nan
Turkmenistan,2006,nan
Turkmenistan,2007,nan
Turkmenistan,2008,nan
Turkmenistan,2009,nan
Turkmenistan,2010,nan
Turks and Caicos Islands,2000,nan
Turks and Caicos Islands,2001,nan
Turks and Caicos Islands,2002,184.0
Turks and Caicos Islands,2003,532.0
Turks and Caicos Islands,2004,353.0
Turks and Caicos Islands,2005,477.0
Turks and Caicos Islands,2006,nan
Turks and Caicos Islands,2007,nan
Turks and Caicos Islands,2008,nan
Turks and Caicos Islands,2009,nan
Turks and Caicos Islands,2010,nan
Tuvalu,2000,nan
Tuvalu,2001,nan
Tuvalu,2002,nan
Tuvalu,2003,nan
Tuvalu,2004,nan
Tuvalu,2005,nan
Tuvalu,2006,nan
Tuvalu,2007,nan
Tuvalu,2008,nan
Tuvalu,2009,nan
Tuvalu,2010,nan
Uganda,2000,nan
Uganda,2001,nan
Uganda,2002,nan
Uganda,2003,nan
Uganda,2004,nan
Uganda,2005,nan
Uganda,2006,nan
Uganda,2007,nan
Uganda,2008,nan
Uganda,2009,390107.0
Uganda,2010,622822.0
Ukraine,2000,nan
Ukraine,2001,nan
Ukraine,2002,104292.0
Ukraine,2003,222201.0
Ukraine,2004,196757.0
Ukraine,2005,164838.0
Ukraine,2006,160841.0
Ukraine,2007,153668.0
Ukraine,2008,154696.0
Ukraine,2009,158046.0
Ukraine,2010,137694.0
United Arab Emirates,2000,57883.0
United Arab Emirates,2001,64850.0
United Arab Emirates,2002,47443.0
United Arab Emirates,2003,21583.0
United Arab Emirates,2004,12130.0
United Arab Emirates,2005,7095.0
United Arab Emirates,2006,11584.0
United Arab Emirates,2007,nan
United Arab Emirates,2008,nan
United Arab Emirates,2009,nan
United Arab Emirates,2010,nan
United Kingdom,2000,1503.0
United Kingdom,2001,1825.0
United Kingdom,2002,2196.0
United Kingdom,2003,3073.0
United Kingdom,2004,23717.0
United Kingdom,2005,720.0
United Kingdom,2006,10436.0
United Kingdom,2007,66772.0
United Kingdom,2008,7023.0
United Kingdom,2009,8076.0
United Kingdom,2010,12052.0
United States,2000,730061.0
United States,2001,675690.0
United States,2002,1056520.0
United States,2003,1116582.0
United States,2004,1359784.0
United States,2005,1157092.0
United States,2006,959350.0
United States,2007,648245.0
United States,2008,547550.0
United States,2009,744781.0
United States,2010,1023231.0
Uruguay,2000,nan
Uruguay,2001,nan
Uruguay,2002,nan
Uruguay,2003,nan
Uruguay,2004,nan
Uruguay,2005,7755.0
Uruguay,2006,174.0
Uruguay,2007,nan
Uruguay,2008,2228.0
Uruguay,2009,1622.0
Uruguay,2010,505.0
USSR,2000,nan
USSR,2001,nan
USSR,2002,nan
USSR,2003,nan
USSR,2004,nan
USSR,2005,nan
USSR,2006,nan
USSR,2007,nan
USSR,2008,nan
USSR,2009,nan
USSR,2010,nan
Uzbekistan,2000,nan
Uzbekistan,2001,nan
Uzbekistan,2002,nan
Uzbekistan,2003,nan
Uzbekistan,2004,nan
Uzbekistan,2005,nan
Uzbekistan,2006,nan
Uzbekistan,2007,150750.0
Uzbekistan,2008,177825.0
Uzbekistan,2009,185148.0
Uzbekistan,2010,164282.0
Wallis et Futuna,2000,nan
Wallis et Futuna,2001,nan
Wallis et Futuna,2002,nan
Wallis et Futuna,2003,nan
Wallis et Futuna,2004,nan
Wallis et Futuna,2005,nan
Wallis et Futuna,2006,nan
Wallis et Futuna,2007,nan
Wallis et Futuna,2008,nan
Wallis et Futuna,2009,nan
Wallis et Futuna,2010,nan
Vanuatu,2000,203.0
Vanuatu,2001,104.0
Vanuatu,2002,187.0
Vanuatu,2003,23.0
Vanuatu,2004,769.0
Vanuatu,2005,358.0
Vanuatu,2006,nan
Vanuatu,2007,nan
Vanuatu,2008,nan
Vanuatu,2009,nan
Vanuatu,2010,nan
Venezuela,2000,351536.0
Venezuela,2001,258233.0
Venezuela,2002,156274.0
Venezuela,2003,200064.0
Venezuela,2004,192514.0
Venezuela,2005,235654.0
Venezuela,2006,216334.0
Venezuela,2007,186723.0
Venezuela,2008,nan
Venezuela,2009,193823.0
Venezuela,2010,171320.0
West Bank and Gaza,2000,28450.0
West Bank and Gaza,2001,42617.0
West Bank and Gaza,2002,48287.0
West Bank and Gaza,2003,54090.0
West Bank and Gaza,2004,62258.0
West Bank and Gaza,2005,70882.0
West Bank and Gaza,2006,66767.0
West Bank and Gaza,2007,67292.0
West Bank and Gaza,2008,58646.0
West Bank and Gaza,2009,52045.0
West Bank and Gaza,2010,48067.0
West Germany,2000,nan
West Germany,2001,nan
West Germany,2002,nan
West Germany,2003,nan
West Germany,2004,nan
West Germany,2005,nan
West Germany,2006,nan
West Germany,2007,nan
West Germany,2008,nan
West Germany,2009,nan
West Germany,2010,nan
Western Sahara,2000,nan
Western Sahara,2001,nan
Western Sahara,2002,nan
Western Sahara,2003,nan
Western Sahara,2004,nan
Western Sahara,2005,nan
Western Sahara,2006,nan
Western Sahara,2007,nan
Western Sahara,2008,nan
Western Sahara,2009,nan
Western Sahara,2010,nan
Vietnam,2000,281213.0
Vietnam,2001,392555.0
Vietnam,2002,636850.0
Vietnam,2003,nan
Vietnam,2004,nan
Vietnam,2005,660377.0
Vietnam,2006,435863.0
Vietnam,2007,nan
Vietnam,2008,54276.0
Vietnam,2009,67060.0
Vietnam,2010,121297.0
Virgin Islands (U.S.),2000,nan
Virgin Islands (U.S.),2001,nan
Virgin Islands (U.S.),2002,nan
Virgin Islands (U.S.),2003,nan
Virgin Islands (U.S.),2004,nan
Virgin Islands (U.S.),2005,nan
Virgin Islands (U.S.),2006,nan
Virgin Islands (U.S.),2007,nan
Virgin Islands (U.S.),2008,nan
Virgin Islands (U.S.),2009,nan
Virgin Islands (U.S.),2010,nan
North Yemen (former),2000,nan
North Yemen (former),2001,nan
North Yemen (former),2002,nan
North Yemen (former),2003,nan
North Yemen (former),2004,nan
North Yemen (former),2005,nan
North Yemen (former),2006,nan
North Yemen (former),2007,nan
North Yemen (former),2008,nan
North Yemen (former),2009,nan
North Yemen (former),2010,nan
South Yemen (former),2000,nan
South Yemen (former),2001,nan
South Yemen (former),2002,nan
South Yemen (former),2003,nan
South Yemen (former),2004,nan
South Yemen (former),2005,nan
South Yemen (former),2006,nan
South Yemen (former),2007,nan
South Yemen (former),2008,nan
South Yemen (former),2009,nan
South Yemen (former),2010,nan
Yemen,2000,nan
Yemen,2001,1147437.0
Yemen,2002,nan
Yemen,2003,974666.0
Yemen,2004,896589.0
Yemen,2005,852560.0
Yemen,2006,nan
Yemen,2007,nan
Yemen,2008,964201.0
Yemen,2009,nan
Yemen,2010,857302.0
Yugoslavia,2000,nan
Yugoslavia,2001,nan
Yugoslavia,2002,nan
Yugoslavia,2003,nan
Yugoslavia,2004,nan
Yugoslavia,2005,nan
Yugoslavia,2006,nan
Yugoslavia,2007,nan
Yugoslavia,2008,nan
Yugoslavia,2009,nan
Yugoslavia,2010,nan
Zambia,2000,550498.0
Zambia,2001,565556.0
Zambia,2002,514982.0
Zambia,2003,nan
Zambia,2004,260579.0
Zambia,2005,78933.0
Zambia,2006,94611.0
Zambia,2007,74124.0
Zambia,2008,20539.0
Zambia,2009,127271.0
Zambia,2010,184450.0
Zimbabwe,2000,nan
Zimbabwe,2001,nan
Zimbabwe,2002,nan
Zimbabwe,2003,nan
Zimbabwe,2004,nan
Zimbabwe,2005,nan
Zimbabwe,2006,nan
Zimbabwe,2007,nan
Zimbabwe,2008,nan
Zimbabwe,2009,nan
Zimbabwe,2010,nan
Åland,2000,nan
Åland,2001,nan
Åland,2002,nan
Åland,2003,nan
Åland,2004,nan
Åland,2005,nan
Åland,2006,nan
Åland,2007,nan
Åland,2008,nan
Åland,2009,nan
Åland,2010,nan
South Sudan,2000,nan
South Sudan,2001,nan
South Sudan,2002,nan
South Sudan,2003,nan
South Sudan,2004,nan
South Sudan,2005,nan
South Sudan,2006,nan
South Sudan,2007,nan
South Sudan,2008,nan
South Sudan,2009,nan
South Sudan,2010,nan
Christian,2000,nan
Christian,2001,nan
Christian,2002,nan
Christian,2003,nan
Christian,2004,nan
Christian,2005,nan
Christian,2006,nan
Christian,2007,nan
Christian,2008,nan
Christian,2009,nan
Christian,2010,nan
Coastline,2000,nan
Coastline,2001,nan
Coastline,2002,nan
Coastline,2003,nan
Coastline,2004,nan
Coastline,2005,nan
Coastline,2006,nan
Coastline,2007,nan
Coastline,2008,nan
Coastline,2009,nan
Coastline,2010,nan
Curaçao,2000,nan
Curaçao,2001,nan
Curaçao,2002,nan
Curaçao,2003,nan
Curaçao,2004,nan
Curaçao,2005,nan
Curaçao,2006,nan
Curaçao,2007,nan
Curaçao,2008,nan
Curaçao,2009,nan
Curaçao,2010,nan
Sint Maarten (Dutch part),2000,nan
Sint Maarten (Dutch part),2001,nan
Sint Maarten (Dutch part),2002,nan
Sint Maarten (Dutch part),2003,nan
Sint Maarten (Dutch part),2004,nan
